{"docs": ["Si te hiciste un tatuaje reciente debes esperar 6 meses para donar sangre", "Personas con tatuajes pueden donar luego de 6 meses del procedimiento", "Para donar sangre debes estar sano y sin infecciones activas", "Después de tomar antibióticos debes esperar al menos 7 días para donar", "Si tomaste penicilina o amoxicilina debes esperar una semana", "Luego de una cirugía el tiempo de espera depende del tipo de operación", "Una cirugía menor requiere esperar al menos 6 meses para donar", "La hepatitis B o C impide la donación de sangre de forma permanente", "El dengue requiere esperar 28 días después de recuperarte para donar", "El COVID-19 requiere esperar 14 días después de la recuperación completa", "Los piercing también requieren esperar 6 meses igual que los tatuajes", "La diabetes tipo 1 impide donar sangre de forma permanente", "La hipertensión controlada no impide la donación si los valores son normales", "Debes pesar más de 50 kilos para poder donar sangre", "La edad mínima para donar sangre es 18 años y la máxima 65 años", "Debes estar en ayunas de al menos 4 horas antes de donar", "Si tuviste fiebre en los últimos 7 días no podés donar sangre", "El VIH o SIDA impide la donación de sangre de forma permanente", "Se puede donar sangre cada 3 meses en el caso de los hombres", "Las mujeres pueden donar sangre cada 4 meses como mínimo"], "idf": {"hiciste": 3.3513752571634776, "tatuaje": 3.3513752571634776, "reciente": 3.3513752571634776, "debes": 2.09861228866811, "esperar": 1.965080896043587, "meses": 2.09861228866811, "donar": 1.4054651081081644, "sangre": 1.6466271649250523, "personas": 3.3513752571634776, "tatuajes": 2.9459101490553135, "pueden": 2.9459101490553135, "luego": 2.9459101490553135, "procedimiento": 3.3513752571634776, "estar": 2.9459101490553135, "sano": 3.3513752571634776, "sin": 3.3513752571634776, "infecciones": 3.3513752571634776, "activas": 3.3513752571634776, "después": 2.6582280766035327, "tomar": 3.3513752571634776, "antibióticos": 3.3513752571634776, "menos": 2.6582280766035327, "días": 2.435084525289323, "tomaste": 3.3513752571634776, "penicilina": 3.3513752571634776, "amoxicilina": 3.3513752571634776, "semana": 3.3513752571634776, "cirugía": 2.9459101490553135, "tiempo": 3.3513752571634776, "espera": 3.3513752571634776, "depende": 3.3513752571634776, "tipo": 2.9459101490553135, "operación": 3.3513752571634776, "menor": 3.3513752571634776, "requiere": 2.6582280766035327, "hepatitis": 3.3513752571634776, "b": 3.3513752571634776, "c": 3.3513752571634776, "impide": 2.435084525289323, "donación": 2.6582280766035327, "forma": 2.6582280766035327, "permanente": 2.6582280766035327, "dengue": 3.3513752571634776, "recuperarte": 3.3513752571634776, "covid": 3.3513752571634776, "recuperación": 3.3513752571634776, "completa": 3.3513752571634776, "piercing": 3.3513752571634776, "también": 3.3513752571634776, "requieren": 3.3513752571634776, "igual": 3.3513752571634776, "diabetes": 3.3513752571634776, "hipertensión": 3.3513752571634776, "controlada": 3.3513752571634776, "valores": 3.3513752571634776, "son": 3.3513752571634776, "normales": 3.3513752571634776, "pesar": 3.3513752571634776, "más": 3.3513752571634776, "kilos": 3.3513752571634776, "poder": 3.3513752571634776, "edad": 3.3513752571634776, "mínima": 3.3513752571634776, "años": 3.3513752571634776, "máxima": 3.3513752571634776, "ayunas": 3.3513752571634776, "horas": 3.3513752571634776, "antes": 3.3513752571634776, "tuviste": 3.3513752571634776, "fiebre": 3.3513752571634776, "últimos": 3.3513752571634776, "podés": 3.3513752571634776, "vih": 3.3513752571634776, "sida": 3.3513752571634776, "puede": 3.3513752571634776, "cada": 2.9459101490553135, "caso": 3.3513752571634776, "hombres": 3.3513752571634776, "mujeres": 3.3513752571634776, "mínimo": 3.3513752571634776}, "tfidf": [{"hiciste": 0.4189219071454347, "tatuaje": 0.4189219071454347, "reciente": 0.4189219071454347, "debes": 0.26232653608351375, "esperar": 0.24563511200544838, "meses": 0.26232653608351375, "donar": 0.17568313851352055, "sangre": 0.20582839561563154}, {"personas": 0.4787678938804968, "tatuajes": 0.4208443070079019, "pueden": 0.4208443070079019, "donar": 0.20078072972973776, "luego": 0.4208443070079019, "meses": 0.2998017555240157, "procedimiento": 0.4787678938804968}, {"donar": 0.17568313851352055, "sangre": 0.20582839561563154, "debes": 0.26232653608351375, "estar": 0.3682387686319142, "sano": 0.4189219071454347, "sin": 0.4189219071454347, "infecciones": 0.4189219071454347, "activas": 0.4189219071454347}, {"después": 0.3322785095754416, "tomar": 0.4189219071454347, "antibióticos": 0.4189219071454347, "debes": 0.26232653608351375, "esperar": 0.24563511200544838, "menos": 0.3322785095754416, "días": 0.30438556566116537, "donar": 0.17568313851352055}, {"tomaste": 0.5585625428605796, "penicilina": 0.5585625428605796, "amoxicilina": 0.5585625428605796, "debes": 0.3497687147780183, "esperar": 0.32751348267393116, "semana": 0.5585625428605796}, {"luego": 0.4208443070079019, "cirugía": 0.4208443070079019, "tiempo": 0.4787678938804968, "espera": 0.4787678938804968, "depende": 0.4787678938804968, "tipo": 0.4208443070079019, "operación": 0.4787678938804968}, {"cirugía": 0.4208443070079019, "menor": 0.4787678938804968, "requiere": 0.37974686808621894, "esperar": 0.280725842291941, "menos": 0.37974686808621894, "meses": 0.2998017555240157, "donar": 0.20078072972973776}, {"hepatitis": 0.4189219071454347, "b": 0.4189219071454347, "c": 0.4189219071454347, "impide": 0.30438556566116537, "donación": 0.3322785095754416, "sangre": 0.20582839561563154, "forma": 0.3322785095754416, "permanente": 0.3322785095754416}, {"dengue": 0.4787678938804968, "requiere": 0.37974686808621894, "esperar": 0.280725842291941, "días": 0.3478692178984747, "después": 0.37974686808621894, "recuperarte": 0.4787678938804968, "donar": 0.20078072972973776}, {"covid": 0.4787678938804968, "requiere": 0.37974686808621894, "esperar": 0.280725842291941, "días": 0.3478692178984747, "después": 0.37974686808621894, "recuperación": 0.4787678938804968, "completa": 0.4787678938804968}, {"piercing": 0.4787678938804968, "también": 0.4787678938804968, "requieren": 0.4787678938804968, "esperar": 0.280725842291941, "meses": 0.2998017555240157, "igual": 0.4787678938804968, "tatuajes": 0.4208443070079019}, {"diabetes": 0.4787678938804968, "tipo": 0.4208443070079019, "impide": 0.3478692178984747, "donar": 0.20078072972973776, "sangre": 0.23523245213215033, "forma": 0.37974686808621894, "permanente": 0.37974686808621894}, {"hipertensión": 0.4787678938804968, "controlada": 0.4787678938804968, "impide": 0.3478692178984747, "donación": 0.37974686808621894, "valores": 0.4787678938804968, "son": 0.4787678938804968, "normales": 0.4787678938804968}, {"debes": 0.2998017555240157, "pesar": 0.4787678938804968, "más": 0.4787678938804968, "kilos": 0.4787678938804968, "poder": 0.4787678938804968, "donar": 0.20078072972973776, "sangre": 0.23523245213215033}, {"edad": 0.4787678938804968, "mínima": 0.4787678938804968, "donar": 0.20078072972973776, "sangre": 0.23523245213215033, "años": 0.9575357877609936, "máxima": 0.4787678938804968}, {"debes": 0.2998017555240157, "estar": 0.4208443070079019, "ayunas": 0.4787678938804968, "menos": 0.37974686808621894, "horas": 0.4787678938804968, "antes": 0.4787678938804968, "donar": 0.20078072972973776}, {"tuviste": 0.4787678938804968, "fiebre": 0.4787678938804968, "últimos": 0.4787678938804968, "días": 0.3478692178984747, "podés": 0.4787678938804968, "donar": 0.20078072972973776, "sangre": 0.23523245213215033}, {"vih": 0.4787678938804968, "sida": 0.4787678938804968, "impide": 0.3478692178984747, "donación": 0.37974686808621894, "sangre": 0.23523245213215033, "forma": 0.37974686808621894, "permanente": 0.37974686808621894}, {"puede": 0.4787678938804968, "donar": 0.20078072972973776, "sangre": 0.23523245213215033, "cada": 0.4208443070079019, "meses": 0.2998017555240157, "caso": 0.4787678938804968,